Community,Average Degree
313,8.666666666666666
6,8.213333333333333
2,6.694232861806311
5,6.231574449903866
3,5.928335362671769
57,5.05
40,4.839506172839506
142,4.833333333333333
28,4.666666666666667
7,4.517716535433071
10,4.40625
19,4.329670329670329
31,3.945525291828794
93,3.843137254901961
22,3.81787521079258
12,3.7368171021377674
9,3.7222222222222223
13,3.5739868049010366
18,3.5356803044719314
95,3.458980044345898
15,3.4122257053291536
30,3.3915057915057916
63,3.351111111111111
14,3.264670658682635
11,3.236863379143088
293,3.2
29,3.151358344113842
33,2.9444444444444446
21,2.8914285714285715
551,2.875
34,2.8421052631578947
108,2.7848101265822787
0,2.7804878048780486
161,2.7313432835820897
49,2.6666666666666665
58,2.6666666666666665
201,2.6666666666666665
240,2.6666666666666665
287,2.6666666666666665
1,2.6156716417910446
51,2.5565217391304347
17,2.413793103448276
325,2.25
16,2.0
44,2.0
48,2.0
65,2.0
75,2.0
84,2.0
113,2.0
120,2.0
125,2.0
136,2.0
140,2.0
146,2.0
148,2.0
150,2.0
164,2.0
171,2.0
194,2.0
196,2.0
221,2.0
251,2.0
279,2.0
322,2.0
412,2.0
417,2.0
452,2.0
473,2.0
489,2.0
532,2.0
545,2.0
555,2.0
307,1.9
467,1.75
333,1.6666666666666667
61,1.6
100,1.6
127,1.6
205,1.6
498,1.6
513,1.6
66,1.5
80,1.5
130,1.5
195,1.5
280,1.5
371,1.5
436,1.5
26,1.3333333333333333
53,1.3333333333333333
59,1.3333333333333333
77,1.3333333333333333
83,1.3333333333333333
91,1.3333333333333333
92,1.3333333333333333
109,1.3333333333333333
124,1.3333333333333333
135,1.3333333333333333
138,1.3333333333333333
