Community,Average Path Length
16,1.0
48,1.0
84,1.0
120,1.0
125,1.0
146,1.0
148,1.0
196,1.0
251,1.0
322,1.0
412,1.0
452,1.0
473,1.0
489,1.0
545,1.0
555,1.0
58,0.5277777777777778
65,0.5
136,0.5
150,0.5
164,0.5
140,0.3333333333333333
240,0.3333333333333333
49,0.32
287,0.2916666666666667
201,0.26666666666666666
75,0.25
293,0.25
57,0.17293233082706766
551,0.16666666666666669
194,0.16666666666666666
142,0.12962962962962965
93,0.08712121212121211
28,0.08703703703703704
51,0.0766548463356974
17,0.057692307692307696
34,0.05275258453725663
161,0.05274146695715323
95,0.05132987282350527
9,0.04029990627928772
19,0.03933933933933934
40,0.038725826295351734
1,0.038103304562931886
108,0.03598918244227169
33,0.03519144144144144
21,0.033810674028065334
31,0.025714094779852596
29,0.022332317540749286
22,0.021865806780710866
18,0.02062623964274183
13,0.02047710288335994
63,0.019954967632986206
10,0.019654061990729412
30,0.018839363024518243
12,0.01790552932158335
11,0.016449277518700827
0,0.01597500197069918
14,0.015086895102798209
2,0.013625851428784634
7,0.013226959322566716
15,0.0115099596896694
3,0.008453962337193264
5,0.00501404216743138
6,0.0032560446530415454
4,0.0
8,0.0
20,0.0
23,0.0
24,0.0
25,0.0
26,0.0
27,0.0
32,0.0
35,0.0
36,0.0
37,0.0
38,0.0
39,0.0
41,0.0
42,0.0
43,0.0
44,0.0
45,0.0
46,0.0
47,0.0
50,0.0
52,0.0
53,0.0
54,0.0
55,0.0
56,0.0
59,0.0
60,0.0
61,0.0
62,0.0
64,0.0
66,0.0
67,0.0
68,0.0
69,0.0
