Community,Clustering Coefficient
293,0.7333333333333333
142,0.6677496363153792
113,0.5
279,0.5
417,0.5
57,0.3856399616744625
287,0.3508771929824561
171,0.29166666666666663
19,0.2749732022622079
240,0.26282051282051283
58,0.2587719298245614
40,0.24822104474524362
22,0.23200824759973743
44,0.2166666666666667
10,0.21264054263808518
31,0.21186064309623048
28,0.2074994947891368
13,0.20383283468574148
201,0.20189393939393938
2,0.1777450088725866
95,0.16888929502100372
33,0.15900748650822571
108,0.15771228667322218
3,0.1560306765599479
551,0.15055580993080991
9,0.14614716021896737
14,0.14228578345122983
161,0.1419273355119105
5,0.1382319033720509
18,0.1327474717179795
6,0.13183748978185322
221,0.125
0,0.12467444616610812
15,0.12046086699562915
7,0.11783482504880362
12,0.11399261007821683
30,0.10923612518873589
21,0.10138073873074686
29,0.09568015287083638
34,0.09109907548894712
11,0.08701094507868362
51,0.08385505814531395
63,0.08173555978516975
532,0.07962962962962963
93,0.0791977957929317
325,0.07916666666666668
17,0.061196139897965456
1,0.04869705815864658
4,0.0
8,0.0
16,0.0
20,0.0
23,0.0
24,0.0
25,0.0
26,0.0
27,0.0
32,0.0
35,0.0
36,0.0
37,0.0
38,0.0
39,0.0
41,0.0
42,0.0
43,0.0
45,0.0
46,0.0
47,0.0
48,0.0
49,0.0
50,0.0
52,0.0
53,0.0
54,0.0
55,0.0
56,0.0
59,0.0
60,0.0
61,0.0
62,0.0
64,0.0
65,0.0
66,0.0
67,0.0
68,0.0
69,0.0
70,0.0
71,0.0
72,0.0
73,0.0
74,0.0
75,0.0
76,0.0
77,0.0
78,0.0
79,0.0
80,0.0
81,0.0
82,0.0
