Community,Clustering Coefficient
293,0.7333333333333334
142,0.6677496363153792
113,0.5
279,0.5
417,0.5
57,0.38563996167446246
287,0.3508771929824561
171,0.29166666666666663
19,0.2749732022622079
240,0.26282051282051283
554,0.0
555,0.0
556,0.0
557,0.0
558,0.0
559,0.0
560,0.0
561,0.0
562,0.0
563,0.0
