Community,Average Degree
313,8.666666666666666
6,8.213333333333333
2,6.694232861806311
5,6.231574449903866
3,5.928335362671769
57,5.05
40,4.839506172839506
142,4.833333333333333
28,4.666666666666667
7,4.517716535433071
553,1.0
554,1.0
556,1.0
557,1.0
558,1.0
559,1.0
560,1.0
561,1.0
562,1.0
563,1.0
