Community,Density
16,1.0
48,1.0
84,1.0
120,1.0
125,1.0
146,1.0
148,1.0
196,1.0
251,1.0
322,1.0
13,0.001685842832500489
18,0.0016836572878437769
10,0.0014977056424201223
15,0.0013381277275800602
30,0.001310473644322176
11,0.0013094107520805372
12,0.0008880268778844503
6,0.0007205942563022753
5,0.0006657665010581054
3,0.0005156867921600356
